,data_split_method,best_params,r2_score,MAE
0,Density,"{'l1_ratio': 0.30000000000000004, 'alpha': 0.1}",0.858280528485895,2.683117157291857
0,Random,"{'l1_ratio': 0.1, 'alpha': 0.2}",0.8605634555330793,2.759352328825283
0,Batch,"{'l1_ratio': 0.9, 'alpha': 0.1}",0.8488580385520395,2.7678628226798945
0,Geosketch,"{'l1_ratio': 0.9, 'alpha': 0.1}",0.8522939443265302,2.5531109752453376
