,best_params,r2_score,MAE
0,"{'l1_ratio': 0.1, 'alpha': 0.8}",0.9344938103958884,1.8044723995355165
